{
  "block_fw_flops": 1384429486080.0,
  "block_fw_flops_time": 0.004854224234550636,
  "block_fw_mem_accessed": 4338812640,
  "block_fw_mem_time": 0.0022390827805190056,
  "block_fw_time": 0.006738935853936036,
  "baseblock_fw_tp_time": 0.0023377656226720644,
  "edgeblock_fw_tp_time": 0.0023377656226720644,
  "baseblock_fw_tp_time_exposed": 0.0023377656226720644,
  "edgeblock_fw_tp_time_exposed": 0.0023377656226720644,
  "block_re_flops": 10805833482240.0,
  "block_re_flops_time": 0.0395041232128464,
  "block_re_mem_accessed": 45462577360,
  "block_re_mem_time": 0.023429704374543128,
  "block_re_time": 0.006738935853936036,
  "baseblock_recomm_time": 0.0019833944615384614,
  "edgeblock_recomm_time": 0.0019833944615384614,
  "baseblock_recomm_time_exposed": 0.0019833944615384614,
  "edgeblock_recomm_time_exposed": 0.0019833944615384614,
  "block_agrad_flops": 1471337431040.0,
  "block_agrad_flops_time": 0.005151781947143228,
  "block_agrad_mem_accessed": 4801988320,
  "block_agrad_mem_time": 0.002480752955957602,
  "block_agrad_time": 0.007278163741967228,
  "baseblock_agrad_tp_time": 0.0023377656226720644,
  "edgeblock_agrad_tp_time": 0.0023377656226720644,
  "baseblock_agrad_tp_time_exposed": 0.0023377656226720644,
  "edgeblock_agrad_tp_time_exposed": 0.0023377656226720644,
  "block_wgrad_flops": 1297039278080,
  "block_wgrad_flops_time": 0.0043571787188811184,
  "block_wgrad_mem_accessed": 1000163040,
  "block_wgrad_mem_time": 0.0005164699150219298,
  "block_wgrad_time": 0.0048736486339030485,
  "block_optim_flops": 72578513.33333333,
  "block_optim_flops_time": 9.304937606837606e-06,
  "block_optim_mem_accessed": 79176560.0,
  "block_optim_mem_time": 4.7057707093253964e-05,
  "block_optim_time": 5.636264470009158e-05,
  "baseblock_fw_tp_size": 336855040,
  "edgeblock_fw_tp_size": 336855040,
  "baseblock_bw_tp_size": 336855040,
  "edgeblock_bw_tp_size": 336855040,
  "baseblock_recomm_size": 336855040,
  "edgeblock_recomm_size": 336855040,
  "block_fw_pp_size": 21053440,
  "block_bw_pp_size": 21053440,
  "block_dp_size": 158353120,
  "tp_bw_overlap_req": 0,
  "dp_bw_overlap_req_chunk": 0,
  "dp_bw_overlap_req_tail": 0,
  "block_weight_space": 158353120,
  "block_act_working_space": 1322762240.0,
  "block_act_storage_space": 0,
  "block_act_checkpoint_size": 84213760,
  "block_weight_grad_space": 13196093.333333332,
  "block_weight_grad_space_no_sharding": 316706240,
  "block_act_grad_space": 1364869120.0,
  "block_optimizer_space": 79176560.0,
  "weight_space_with_offload": 316706240,
  "act_space_with_offload": 1322762240.0,
  "act_checkpoint_size_with_offload": 168427520,
  "act_grad_space_with_offload": 1364869120.0,
  "weight_grad_space_with_offload": 329902333.3333333,
  "optimizer_space_with_offload": 158353120.0,
  "weight_space": 158353120,
  "act_space": 1322762240.0,
  "act_checkpoint_size": 5389680640,
  "act_grad_space": 1364869120.0,
  "weight_grad_space": 316706240,
  "optimizer_space": 79176560.0,
  "fw_time": 0.4312918946519063,
  "bw_time": 0.7777159920556977,
  "optim_step_time": 5.636264470009158e-05,
  "recompute_time": 0.4312918946519063,
  "recomm_link_time": 0.12693724553846153,
  "recomm_exposed_time": 0.12693724553846153,
  "bubble_time": 1.3338010405010392,
  "tp_comm_link_time": 0.29923399970202424,
  "pp_comm_link_time": 0.12233068088888889,
  "dp_comm_link_time": 0.01411583288888889,
  "tp_comm_exposed_time": 0.29923399970202424,
  "pp_comm_exposed_time": 0.12233068088888889,
  "dp_comm_exposed_time": 0.01411583288888889,
  "fw_offload_exposed_time": 0,
  "bw_offload_exposed_time": 0,
  "total_time": 3.5367749435235134,
  "act_offload_bw_req": 12316241039.905846,
  "weight_offload_bw_req": 23159103635.096394,
  "optim_offload_bw_req": 4569581534.851433,
  "offload_mem_bw_req": 0.0,
  "proc_mem_tier1_cap_req": 8631547920.0,
  "proc_mem_tier2_cap_req": 0,
  "useful_flops": 4152878773713.3335,
  "compute_efficiency": 0.7045717954386509,
  "system_efficiency": 0.3418550144295507,
  "total_efficiency": 0.24086140129633446,
  "sample_rate": 868.5879223458643
}